{"cameraMode":{"drawMode":0,"name":"Shaded","section":"Shading Mode"},"sceneLighting":false,"audioPlay":false,"sceneViewState":{"showFog":true,"showMaterialUpdate":false,"showSkybox":false,"showFlares":true,"showImageEffects":true,"showParticleSystems":true},"in2DMode":false,"pivot":{"x":2.451688289642334,"y":-0.13306409120559693,"z":-3.6814537048339845},"rotation":{"x":-0.01576465368270874,"y":-0.0858529806137085,"z":0.0024238559417426588,"w":-0.9964428544044495},"size":18.891908645629884,"orthographic":false}